patient_id,Decision,Reason
P011,APPROVE,"The claim for collecting venous blood by venipuncture (CPT code 36415) has been approved. This procedure is covered under the policy for treating urinary tract infection (N39.0), which matches the patient's diagnosis. The patient, a 16-year-old female, meets all eligibility criteria, and no preauthorization is required."
P012,ROUTE FOR REVIEW,"The claim for the complete blood count (CPT code 85025) cannot be automatically approved, as the patient's age of 46 exceeds the policy's allowed age range of 18 to 45. Although the diagnosis of major depressive disorder (F32.9) is covered, the age requirement is not met. Therefore, the claim needs to be routed for further manual review."
P013,ROUTE FOR REVIEW,"The claim for Chest X-ray, two views, frontal and lateral (CPT code 71020) cannot be automatically approved due to the diagnosis not matching the policy-covered diagnosis. The patient's diagnosis of gastro-esophageal reflux disease (K21.9) does not align with the covered diagnosis of low back pain (M54.5). Therefore, the claim needs to be routed for further manual review."
P014,APPROVE,"The claim for collecting venous blood by venipuncture (CPT code 36415) has been approved. This procedure is covered under the policy for treating low back pain (M54.5), which matches the patient's diagnosis. The patient, a 14-year-old male, meets all eligibility criteria, and no preauthorization is required, although it was obtained."
P015,ROUTE FOR REVIEW,"The claim for collecting venous blood by venipuncture (CPT code 36415) cannot be automatically approved due to the patient's age of 65 exceeding the policy's allowed age range of 18 to 48. Although the procedure and diagnosis are covered, the age requirement is not met. Therefore, the claim needs to be routed for further manual review."
P016,APPROVE,"The claim for an office or outpatient visit for an established patient (CPT code 99213) has been approved. This procedure is covered under the policy for treating essential hypertension (I10), which matches the patient's diagnosis. The patient, a 17-year-old male, meets all eligibility criteria, and no preauthorization is required."
P017,APPROVE,"The claim for electrocardiogram, routine ECG with at least 12 leads; with interpretation and report (CPT code 93000) has been approved. This procedure is covered under the policy for treating low back pain (M54.5), which matches the patient's diagnosis. The patient, a 25-year-old female, meets all eligibility criteria, and no preauthorization is required, although it was obtained."
P018,APPROVE,"The claim for an office or outpatient visit for an established patient (CPT code 99213) has been approved. This procedure is covered under the policy for treating chronic obstructive pulmonary disease (J44.9), which matches the patient's diagnosis. The patient, an 84-year-old male, meets all eligibility criteria, and no preauthorization is required, although it was obtained."
P019,ROUTE FOR REVIEW,"The claim for Hemoglobin glycosylated A1c test (CPT code 83036) cannot be automatically approved, as the patient's age of 55 exceeds the policy's allowed age range of 34 to 43. Although the procedure and diagnosis are covered, the age requirement is not met. Therefore, the claim needs to be routed for further manual review."
P020,ROUTE FOR REVIEW,"The claim for diagnostic colonoscopy including collection of specimens (CPT code 45378) cannot be automatically approved due to the gender requirement not being met, as the patient is female while the policy restricts coverage to males. Therefore, the claim needs to be routed for further manual review."
